id;submission_id;anomaly_type;anomaly_field;anomaly_message;resolved_by;resolution_note;resolved_at;created_at
0aff58b7-0ec1-41fb-bb3c-a6b35363ae97;e133e961-5ffa-45b2-9a65-8e945ae4e5d3;warning;show_up;Critical: Very low show-up rate;3d4c8130-dc78-4b9e-8332-3f657ca6b407;Resolved;2025-11-22 13:38:53.496696+00;2025-11-22 13:38:53.496696+00
4ad17d26-8aba-4120-a6dd-eaaeb2056914;ca2825e2-fa62-481b-bfc7-db12a967fefd;critical;activities;IMPOSSIBLE: Activity count severely exceeds calls dialed;3d4c8130-dc78-4b9e-8332-3f657ca6b407;Was not well resolved;2025-11-22 13:39:09.313322+00;2025-11-22 13:39:09.313322+00
e0d95994-791e-4ff3-bff3-10d08966fc0e;240f7c30-a0b7-43c0-b904-f447df8661fe;critical;show_up;IMPOSSIBLE: Show-up rate exceeds 100% - data error;3d4c8130-dc78-4b9e-8332-3f657ca6b407;Yeah he was very good that day;2025-11-24 07:11:20.314518+00;2025-11-24 07:11:20.314518+00
0fa14674-b126-4f84-b71c-a3603c9c8b32;240f7c30-a0b7-43c0-b904-f447df8661fe;critical;activities;IMPOSSIBLE: Activity count severely exceeds calls dialed;3d4c8130-dc78-4b9e-8332-3f657ca6b407;Test;2025-11-24 07:38:45.905009+00;2025-11-24 07:38:45.905009+00
00ddf418-ce8d-4a38-8c82-a727dfd790df;65a714d2-f12f-4e08-b6fe-39793326a926;critical;activities;IMPOSSIBLE: Activity count severely exceeds calls dialed;3d4c8130-dc78-4b9e-8332-3f657ca6b407;Donee??;2025-11-24 10:34:02.641655+00;2025-11-24 10:34:02.641655+00
28061bf7-ab6b-414b-8750-ee18d5d493b4;43a1e937-5a0e-48c2-b67d-2ab64724ac19;warning;show_up;Show-up rate below 55%;3d4c8130-dc78-4b9e-8332-3f657ca6b407;This is fine;2025-11-24 10:49:46.710899+00;2025-11-24 10:49:46.710899+00
972a7d64-7d50-4fef-b459-97023800aa94;854b5d51-53c1-458f-8d34-4a685fa1a310;critical;show_up;IMPOSSIBLE: Show-up rate exceeds 100% - data error;3d4c8130-dc78-4b9e-8332-3f657ca6b407;sdsfd;2025-11-24 10:53:47.466422+00;2025-11-24 10:53:47.466422+00
073643c6-910d-4575-bf5b-e3b2f4dff5be;240f7c30-a0b7-43c0-b904-f447df8661fe;critical;no_show;IMPOSSIBLE: No-show rate exceeds 100% - data error;3d4c8130-dc78-4b9e-8332-3f657ca6b407;111;2025-11-24 11:21:21.177083+00;2025-11-24 11:21:21.177083+00
6932b426-4f83-4470-82b2-247817eccda0;240f7c30-a0b7-43c0-b904-f447df8661fe;warning;followed_up;Follow-ups less than 5;3d4c8130-dc78-4b9e-8332-3f657ca6b407;222;2025-11-24 11:21:52.746775+00;2025-11-24 11:21:52.746775+00
04789d2f-d85f-4f24-a118-e0590008dd9f;43a1e937-5a0e-48c2-b67d-2ab64724ac19;warning;no_show;More than half of calls resulted in no-show;3d4c8130-dc78-4b9e-8332-3f657ca6b407;Idha vitudunnga;2025-11-24 13:10:05.417309+00;2025-11-24 13:10:05.417309+00
60de4f40-5633-4471-ac5b-a78064a479d8;ca2825e2-fa62-481b-bfc7-db12a967fefd;warning;rp;Warning: Total RP exceeds calls taken;3d4c8130-dc78-4b9e-8332-3f657ca6b407;Test;2025-11-25 07:01:37.573189+00;2025-11-25 07:01:37.573189+00
eed76cad-ab94-41d1-b982-84c200d21074;ca2825e2-fa62-481b-bfc7-db12a967fefd;warning;no_show;More than half of calls resulted in no-show;3d4c8130-dc78-4b9e-8332-3f657ca6b407;Test;2025-11-25 07:01:45.650641+00;2025-11-25 07:01:45.650641+00
bf4646f4-5e18-48af-8c7d-7f70c0921bcc;65a714d2-f12f-4e08-b6fe-39793326a926;warning;no_show;More than half of calls resulted in no-show;3d4c8130-dc78-4b9e-8332-3f657ca6b407;Paravala;2025-11-25 07:02:02.901432+00;2025-11-25 07:02:02.901432+00
751fc521-e04c-439e-8e8c-f90cda4a9db0;65a714d2-f12f-4e08-b6fe-39793326a926;warning;show_up;Show-up rate below 55%;3d4c8130-dc78-4b9e-8332-3f657ca6b407;This is also fine;2025-11-25 07:02:22.0666+00;2025-11-25 07:02:22.0666+00
34e73548-772e-4cee-b68a-cdcde4c59245;082d891d-7ffd-40e6-86f6-552b96c2a3c2;warning;no_show;More than half of calls resulted in no-show;3d4c8130-dc78-4b9e-8332-3f657ca6b407;Vitufu;2025-11-25 08:19:41.185622+00;2025-11-25 08:19:41.185622+00
e533f010-3d09-403c-b37d-cb7032df8612;082d891d-7ffd-40e6-86f6-552b96c2a3c2;critical;activities;IMPOSSIBLE: Activity count severely exceeds calls dialed;3d4c8130-dc78-4b9e-8332-3f657ca6b407;Itd finr;2025-11-25 08:19:51.034044+00;2025-11-25 08:19:51.034044+00
6ebc8fbd-5000-4dec-96a1-ae36e01ea460;66d9a5be-1854-4404-b896-c7e0858dd26a;critical;activities;IMPOSSIBLE: Activity count severely exceeds calls dialed;3d4c8130-dc78-4b9e-8332-3f657ca6b407;tESTED;2025-11-25 10:37:45.726859+00;2025-11-25 10:37:45.726859+00
6fb86478-8847-403a-b693-d3d7a901d2f9;66d9a5be-1854-4404-b896-c7e0858dd26a;warning;followed_up;Follow-ups less than 5;3d4c8130-dc78-4b9e-8332-3f657ca6b407;okayy;2025-11-25 10:37:56.187587+00;2025-11-25 10:37:56.187587+00
db04b105-51ee-4502-970b-4e8a231b32db;66d9a5be-1854-4404-b896-c7e0858dd26a;warning;calls_dialled;Some calls may be missing - breakdown exceeds total dialled;3d4c8130-dc78-4b9e-8332-3f657ca6b407;Its finr;2025-11-25 10:39:40.719898+00;2025-11-25 10:39:40.719898+00
85a34e43-2d24-4984-b441-0abc7d875d28;66d9a5be-1854-4404-b896-c7e0858dd26a;warning;show_up;Unusually high show-up rate (>85%) - verify accuracy;3d4c8130-dc78-4b9e-8332-3f657ca6b407;finr;2025-11-25 10:39:50.11351+00;2025-11-25 10:39:50.11351+00
5ce19381-a9bb-4bde-8a02-64e64c68d505;66d9a5be-1854-4404-b896-c7e0858dd26a;warning;disqualified;Disqualified exceeds 15% of calls dialled;3d4c8130-dc78-4b9e-8332-3f657ca6b407;fine;2025-11-25 10:39:58.663166+00;2025-11-25 10:39:58.663166+00
71e67703-b735-482e-bf64-9d1491736edf;082d891d-7ffd-40e6-86f6-552b96c2a3c2;critical;calls_taken;Error: Cannot take more calls than dialed;3d4c8130-dc78-4b9e-8332-3f657ca6b407;Done;2025-11-25 10:45:50.525356+00;2025-11-25 10:45:50.525356+00
22d54946-ef51-4f73-81ef-81cf23990c6d;5b46e036-5f3b-48c2-a2e9-d1b46d2ddcc4;warning;calls_dialled;Some calls may be missing - breakdown exceeds total dialled;3d4c8130-dc78-4b9e-8332-3f657ca6b407;Okay;2025-11-25 12:00:43.063725+00;2025-11-25 12:00:43.063725+00
09fe35ac-a186-4d10-a6fc-370dfa488256;082d891d-7ffd-40e6-86f6-552b96c2a3c2;warning;followed_up;Follow-ups less than 5;3d4c8130-dc78-4b9e-8332-3f657ca6b407;manichidunga;2025-11-25 13:09:52.578103+00;2025-11-25 13:09:52.578103+00
af2100e3-c3fa-4330-a2ad-97af11fe2790;66d9a5be-1854-4404-b896-c7e0858dd26a;warning;no_show;More than half of calls resulted in no-show;3d4c8130-dc78-4b9e-8332-3f657ca6b407;He took Optin;2025-11-25 13:29:43.572557+00;2025-11-25 13:29:43.572557+00
feb3de2d-d16e-4e2b-b6d0-8f5605b8beed;579f7e08-0a49-4f0d-a7e5-be7184cf42c3;warning;followed_up;Follow-ups less than 5;3d4c8130-dc78-4b9e-8332-3f657ca6b407;Old follow-up, focused on other sources today;2025-11-25 13:49:59.752142+00;2025-11-25 13:49:59.752142+00
d5e17d16-d5ac-4538-af7b-b6ebb884cd69;579f7e08-0a49-4f0d-a7e5-be7184cf42c3;warning;calls_taken;Complete no-show - verify data;3d4c8130-dc78-4b9e-8332-3f657ca6b407;Only followed up today;2025-11-25 13:50:12.070302+00;2025-11-25 13:50:12.070302+00
5e350417-836e-4fa1-855e-fe673d71ccdf;579f7e08-0a49-4f0d-a7e5-be7184cf42c3;warning;show_up;Show-up rate below 55%;3d4c8130-dc78-4b9e-8332-3f657ca6b407;Follow-up today;2025-11-25 13:50:20.791604+00;2025-11-25 13:50:20.791604+00